"Target","M25079_s_at","HG1428.HT1428_s_at","hum_alu_at","D86974_at","M26602_at","D49824_s_at","Z84721_cds2_at","L06499_at","M26311_s_at","X00274_at","J04617_s_at","X57351_s_at","Z19554_s_at","AFFX.HSAC07.X00351_M_at","M63438_s_at","M11147_at","M19507_at","HG2887.HT3031_at","Z12962_at","M13560_s_at","M27891_at","V00594_s_at","X00437_s_at","AFFX.HUMGAPDH.M33197_5_at","M96326_rna1_at","AFFX.M27830_5_at","X00351_f_at","Z70759_at","M27783_s_at","M91036_rna1_at","M20203_s_at","L19779_at","Y00787_s_at","X56681_s_at","AFFX.HSAC07.X00351_5_at","M14483_rna1_s_at","M87789_s_at","Y00433_at","V00599_s_at","S71043_rna1_s_at","X82240_rna1_at","X03689_s_at","AFFX.HSAC07.X00351_3_at","M10277_s_at","M17886_at","M69043_at","J04456_at","AFFX.HUMRGE.M10098_5_at","X80822_at","D79205_at","M17733_at","AFFX.M27830_M_at","D64142_at","M12886_at","Z48950_at","HG4319.HT4589_at","X55668_at","M33600_f_at","S82297_at","D32129_f_at","AFFX.HUMGAPDH.M33197_M_at","J03077_s_at","D13413_rna1_s_at","U49869_rna1_at","J00105_s_at","X01677_f_at","D21261_at","M21186_at","U01317_cds4_at","J04990_at","AFFX.HUMGAPDH.M33197_3_at","U14970_at","L38941_at","M94880_f_at","Z48501_s_at","HG658.HT658_f_at","M21005_at","L06797_s_at","HG3576.HT3779_f_at","J04164_at","X69654_at","AFFX.HUMRGE.M10098_3_at","X58529_at","M14328_s_at","X17206_at","X98482_r_at","D78361_at","X68277_at","L20941_at","M13792_at","M28130_rna1_s_at","U06155_s_at","Z23090_at","M84711_at","U43901_rna1_s_at","L20688_at","X14008_rna1_f_at","Z28407_at","M19045_f_at","HG2815.HT4023_s_at","X78992_at","U14973_at","S73591_at","M21119_s_at","M17885_at","M34516_at","M84526_at","L26247_at","J03801_f_at","HG3549.HT3751_at","M24194_at","X76223_s_at","M16279_at","U12404_at","X04347_s_at","M11353_at","AFFX.HUMRGE.M10098_M_at","M62831_at","M19283_at","HG2917.HT3061_f_at","X67247_rna1_at","J03592_at","U51240_at","M77232_rna1_at","X04500_at","HG2915.HT3059_f_at","D63874_at","U14971_at","M23613_at","D23660_at","M33680_at","X15183_at","X12447_at","M11722_at","M18000_at","X17042_at","HG33.HT33_at","V00594_at","S54005_s_at","U78027_rna3_at","X52851_rna1_at","M81757_at","Z49148_s_at","U05259_rna1_at","L04483_s_at","HG3364.HT3541_at","U52101_at","U14968_at","X17093_at","M13934_cds2_at"
"ALL",9233,10351,45815,15874,453,42904,4876,36200,422,21598,35196,4137,6824,27768,-207,6288,490,-21984,29371,24864,-65,630,103,6339,627,6418,20818,26442,108,-4,-212,19693,741,22228,19541,13624,-267,8149,15140,-120,2302,22889,24477,21240,13566,7285,-26,57,25158,25069,27495,27707,19135,137,15447,13327,-333,9885,23488,8540,5199,1228,13120,14551,18109,12869,5305,6387,152,772,9045,17547,11852,12103,4197,16456,934,6199,7377,7,4596,-337,13407,3495,21262,20398,11954,14056,4272,4142,335,21098,12475,13721,19768,9762,803,10078,912,7925,9129,28844,6124,-33,18486,-977,-323,7905,663,23575,20417,70,7126,10718,10493,7794,-238,8786,5870,7159,15372,5907,11027,10442,987,6022,5726,12934,7925,11541,3005,5021,3232,8700,15087,33,14862,-2339,9349,5776,4627,20016,10341,12968,18665,17086,306,12994,4700,12229
"ALL",10164,15736,20958,19660,-70,26196,5289,28622,58,25969,22123,29136,15865,13271,622,3412,-49,-21296,20737,20769,68,4143,-405,10756,827,92,9499,27044,169,223,-360,1033,200,8316,9857,7442,39,8741,2809,770,-111,21349,17671,18237,23159,2210,1856,-175,20106,28306,10723,2029,1046,1316,4337,18352,-332,14307,11477,14975,10207,2152,13752,14339,23728,17954,6652,1878,401,650,21238,17910,16904,10349,7696,18764,-251,310,10460,3226,9516,-371,1073,8754,26504,12738,6137,767,461,1462,166,22267,7592,18701,17254,10798,480,6605,541,9376,2400,23397,3560,64,25880,-878,-524,3402,443,19238,17509,-27,3706,12138,5828,9013,-304,1455,7440,6946,23731,6167,3004,14654,223,6078,3358,7975,7016,12003,2881,2970,2540,4614,18982,1269,16269,-1292,5624,9890,8877,18686,13413,1813,22936,18443,3326,12840,9530,15423
"ALL",1,17323,25880,10744,6365,37529,8808,28380,2542,15333,21202,12046,14536,20794,959,10245,989,-10481,20122,10706,250,2913,-2,15439,344,207,20485,23935,1162,2693,315,4481,1012,16600,15363,15337,2879,9176,12425,735,116,26646,20166,18759,21466,9757,179,-55,19165,30820,20812,2582,7696,265,13803,13667,449,4095,15662,20656,14345,2998,16646,23350,23444,17102,5790,3113,16028,550,17735,12360,16685,19089,5775,16180,2780,11483,3925,2188,4609,-313,5681,3733,20899,10852,13871,4298,4866,2208,222,21475,1418,6181,13481,11579,2635,14149,4259,8075,11261,24690,3587,966,17117,324,-124,16136,4057,29047,20975,360,3903,17724,11265,13379,-341,12700,5996,10929,21466,8816,10820,10503,324,9427,7074,7029,6355,12489,5451,6848,3560,4357,16934,1045,22868,-1371,6745,17803,7405,19153,15468,4750,19003,16397,4713,10495,572,13773
"ALL",43221,38430,41275,22039,50,28123,30140,37774,182,10841,31014,15382,4196,12511,29121,6421,706,-7861,31224,11885,107,3669,197,7760,851,170,11122,23012,277,7989,-48,2904,197,4240,6858,6526,30010,12652,7607,7346,212,17450,18311,18494,28736,1128,901,-18,26326,25794,10944,851,3967,1094,4910,16498,88,6409,21541,6253,9582,1952,13829,13367,19730,17048,4284,13617,5434,92,16248,21270,15022,8428,3559,10313,256,2372,4545,4660,4396,-233,1458,8269,13804,10158,15873,1611,2422,3681,16,16798,4152,12303,11463,11782,983,8506,1040,10204,1464,30741,4677,271,23838,5936,203,3627,926,23523,21877,-100,4509,17489,14560,11063,-189,4465,7176,6369,22186,8361,6392,13064,716,6430,8670,13402,9519,14407,3250,7251,5593,7369,22279,2450,12850,-346,5972,7489,6539,18576,21190,2559,25597,26019,1420,11963,8140,14888
"ALL",8147,14219,11195,14286,-183,23203,11194,15390,284,18580,11603,19976,9256,14738,295,10431,199,-16945,14170,14219,-177,1417,-824,14640,350,1491,17100,15906,22,3711,-104,5431,96,13870,11636,8049,-36,16129,15174,156,18727,20585,15303,14924,15850,4069,458,1453,13574,25231,18163,2967,5801,141,13017,19330,-184,11783,8530,14299,10675,3384,20940,21604,20401,12692,3303,9346,5535,420,17262,20378,24273,12933,8867,14833,149,11886,8353,700,7166,362,6074,7093,21018,14716,13777,3650,3904,7756,0,12534,7803,20114,17185,18263,298,12515,203,17896,5916,17741,9468,96,21619,691,-140,8052,271,24225,18472,22,2049,21144,12436,16017,632,7188,11195,9162,22377,10661,7528,18386,2294,7217,11744,11892,14338,15324,6031,16859,4410,7216,19196,1537,18447,-1448,8489,16816,13949,23491,16106,5632,18616,19944,2887,18141,6279,15725
"ALL",8228,13851,21777,28849,-514,27112,6279,29500,92,16424,21930,22337,21601,23936,1225,3219,1293,-26775,20698,10003,394,2216,-326,10093,217,12616,21039,20680,22,169,-453,3984,198,10450,17374,20555,-173,5916,6927,1114,7264,16231,21605,20474,21651,5845,366,10309,19666,26823,18928,13679,5813,72,4300,16063,-235,5654,14032,8321,10127,1132,23371,12139,16531,16599,12104,5390,5,873,19092,14126,15941,7754,4466,14432,122,740,4762,2079,5917,3806,2735,5446,25043,23252,9419,12905,2077,4813,-309,23567,56,12895,18411,16949,2081,9543,2421,9761,2205,26818,3822,126,25946,796,-190,3456,2272,18166,23118,-353,6682,15572,8399,11629,6028,9950,9701,3947,22334,7007,3665,7997,236,3578,7533,10070,8758,12658,8630,3718,6154,6603,21626,690,13260,-4276,5169,6991,8241,17078,13573,9288,24289,22178,4095,10029,3508,15956
"ALL",10769,8950,28991,29050,5483,20192,9586,31076,525,14339,25143,8271,14049,17778,122,4639,18,-7764,23075,9170,-125,1903,-247,10171,699,281,14173,22490,383,6917,225,3844,3,5948,9902,20320,239,6410,11042,414,1374,11645,20434,19669,25335,2842,6858,104,22430,19968,16383,765,6989,-82,5730,19359,-28,5715,12444,3004,17294,446,14780,15311,9680,20265,5017,9337,95,302,21971,19739,15475,4895,6803,7299,787,5251,4162,151,13366,-109,7243,10161,29493,10989,14290,3088,1623,4714,150,19473,1704,12136,13831,15223,1167,13628,1141,6480,3520,22643,3816,158,29601,408,-111,4037,1286,24625,27668,-75,2611,15882,15041,11175,53,3398,8097,2498,16837,15895,6092,14731,4,2438,8218,14375,10369,20619,11962,8160,6937,1487,19983,1183,14833,-1447,7753,8437,6826,17134,15874,3627,21386,23304,2265,16624,2789,16093
"ALL",2221,36663,42401,21633,49432,22347,21457,36329,27402,18871,33094,19205,4917,16775,5540,8790,1213,-13905,32731,10557,-96,1687,-213,12489,2235,584,16751,32421,7110,27106,6598,3966,93,7275,13309,10484,4100,12237,9114,800,6821,20573,14547,18056,28810,1062,221,307,27118,15910,23712,1365,3997,134,7638,11569,2444,8412,19914,3112,16066,2045,12448,22926,15027,20779,1913,7328,16277,4278,19426,14066,11359,6634,3677,6965,17840,8420,8208,6482,13208,-182,6607,5576,24522,12975,14537,3841,4646,3922,-28,23601,3170,13951,15590,16145,4451,12766,4329,8804,2348,23323,7715,4107,21650,1932,-120,6057,4516,22065,29721,-55,2966,13064,12838,9545,-62,3701,4228,3307,15919,2757,7117,11095,848,3115,4675,9530,6129,14193,4283,4595,3930,7540,16364,7064,12915,-1148,5242,9323,5997,20275,14455,3115,27668,20885,228,16388,3896,13756
"ALL",27982,15447,27924,6549,1403,35402,9920,29313,615,24948,22621,5065,7027,25052,1611,5841,-60,-9619,21749,19354,502,1098,-29,20411,330,30139,20648,24114,157,389,-188,4431,16,3283,20371,19318,1599,7156,19321,793,7212,19982,22296,19391,20811,2208,163,223,20213,18872,21110,9827,6269,69,4162,13639,-38,10032,16922,11040,21334,1395,13750,16798,22256,21288,1885,6617,474,542,21580,15594,12584,14143,2094,13668,825,2266,8570,214,10616,254,3394,5179,24754,11581,16701,1719,3251,1850,109,17966,1681,13567,18675,10724,1529,12469,1424,8119,1936,22548,2793,4,24142,180,-38,5202,1286,18734,23279,-91,5070,12656,15477,9870,53,2487,5130,5485,15050,9047,9766,6945,240,5228,6619,9357,6777,17933,4247,2530,5188,8791,17342,155,13477,-1120,7525,8026,6693,21235,12249,11999,19042,20889,-19,16400,7728,13158
"ALL",26258,21484,21229,7958,199,34741,13372,22116,98,14532,17850,11163,11956,15420,471,9981,-146,-5353,18852,13481,78,880,-98,16760,621,15215,14065,17659,104,2882,-63,21084,149,12009,10761,10778,1513,7838,7872,48,6884,18374,17384,14731,19288,4443,496,-115,15857,21328,13661,12263,6037,47,7460,19630,1,5203,12804,6515,14799,2192,18062,8897,18546,17303,4853,7014,240,291,17467,22210,13706,11601,6116,9530,262,2362,6474,1087,14464,12,3995,6730,27985,11303,10893,7754,3457,4662,80,17739,21076,11786,20619,13836,310,22412,550,6239,1756,21184,2447,13,26524,776,-31,6723,555,26205,20815,-351,2615,16121,12980,6069,-238,17413,5604,5330,19690,10380,11375,13258,2162,5401,3351,16864,7565,18328,6024,7518,4178,12307,21999,1327,17030,-2213,7194,17343,6314,21880,18740,4200,21384,20176,1662,13034,4812,15244
"ALL",39600,26849,29189,13650,1290,42995,22198,29051,210,16170,24117,9199,5589,20034,545,10026,-30,-8318,21811,14776,49,418,-186,19690,173,30496,14440,23412,164,2733,75,13488,11,9635,14924,11089,1020,8085,7655,395,10693,24046,14555,13213,22230,4024,373,291,20574,20192,19203,15351,3823,210,8981,7847,176,10354,17250,14179,19406,2606,10973,15172,17515,21449,2994,7495,317,277,21859,12573,13460,18125,3830,21379,213,4824,11959,1101,14648,327,4685,5369,28903,12055,10874,4034,3781,2931,-60,20266,3826,13049,17706,12496,701,12554,746,5157,4832,24371,1991,95,20935,373,-83,9089,1160,29875,23048,-249,1976,14298,9541,6802,44,7685,5111,7170,14082,11977,6753,10139,908,6493,2932,9584,5805,13896,5586,4951,4029,5433,12072,283,22367,-1127,6747,11606,5079,19076,15773,3403,18917,21478,2028,15234,7615,13721
"ALL",39827,27432,29906,21486,3409,15586,21987,31530,1138,12996,23771,9280,9880,20711,11639,6574,917,-11535,22298,11941,239,1194,83,11777,703,17714,11534,22388,628,448,68,12168,236,14086,15123,18058,716,5736,5262,162,3935,19749,18758,18796,25683,11194,355,8378,19643,18045,24451,17926,7745,694,8995,14974,38,3937,15417,2535,13011,1270,15816,12372,11228,14085,5873,6098,1536,560,19526,14603,13018,5346,6684,5754,1786,1288,2516,2374,11079,6833,11269,5269,29468,18987,11853,8127,1878,3765,154,19212,3615,12294,19062,16416,2052,12996,2445,7826,4330,21764,4156,44,26742,7354,-321,6336,2102,19970,27841,-37,1834,17962,11676,8171,4246,8666,10216,2719,22918,9783,2854,7798,15,2257,3903,9462,10640,15569,6205,4311,3821,1644,18551,348,15432,-1342,6025,8581,4040,20751,11395,4896,21558,21778,2139,16665,1879,17228
"ALL",10711,11080,20288,13429,2179,28409,7242,23802,2368,16888,15680,10121,11409,20719,1234,8020,-139,-10873,17855,15618,-39,1520,4940,6332,623,319,19953,19182,72,224,-246,4670,2525,15752,16896,8090,254,3298,4163,427,374,25076,18028,16921,19598,15457,291,-25,17180,21843,15229,1714,7726,9515,15028,15861,-56,10763,10695,16414,5905,1815,15619,11727,22109,10325,5244,5597,62,297,7472,17245,20050,15764,6619,16813,2530,13146,8479,6595,12585,-154,4346,3705,26810,14830,8562,5119,3302,1826,1036,17663,1917,16109,17129,11182,876,16627,751,7376,4472,20475,17060,295,22775,194,-28,15224,988,23861,22269,1006,3328,20219,11943,8332,-143,4247,5639,12458,22472,9046,10066,14964,256,12606,2673,13882,9539,16458,3753,5312,3662,1671,19460,1128,14323,-1692,9904,9834,4525,20125,16430,4317,21023,23267,3589,16628,7223,17659
"ALL",27457,23314,23462,17061,746,32358,15505,27087,389,22970,20556,9679,18782,15982,3618,8259,311,-8646,21402,14917,453,2730,1027,7661,185,346,13644,19808,154,859,-174,5834,257,13709,10068,10928,2588,5341,9600,2344,5113,22352,18336,17319,18947,5810,283,31,17416,24027,17962,1313,13500,2514,11375,18172,-134,9792,12759,10204,8189,2230,15373,16707,20132,12625,6221,4620,215,330,12036,13321,14402,7703,5637,10891,843,10156,7128,1947,10174,-218,10455,4707,23849,12773,11773,3518,4953,2694,125,18503,3539,12156,15441,12139,343,11649,499,12437,10779,22570,15973,123,19809,907,-21,13678,519,23947,20507,-9,6633,18236,10783,12692,-190,5952,7605,7297,20753,10990,11334,14770,518,6225,8199,11016,10687,13370,6570,5371,2732,1327,19195,1357,17540,-933,10995,9995,8254,21140,14421,6517,20377,21901,6044,14478,4293,15169
"ALL",19872,19354,19457,13890,8615,29374,13576,19932,5086,15534,14502,14076,21714,19421,2943,8556,87,-12527,15194,12206,163,1498,-293,21537,575,421,19394,16845,43,169,-475,7643,257,13926,13239,15502,1834,12719,9404,2728,2088,22691,16631,17086,17611,5342,18459,32,15309,24352,19052,1618,6726,33,9377,24656,-243,7226,10774,10731,15601,715,20162,10095,19096,16120,11461,10515,389,474,19960,19303,15400,9978,9425,12712,4698,9009,8251,1839,6606,-49,4287,12108,23992,12009,12897,10019,3772,9487,245,16204,2445,15734,15818,17277,2068,14941,2258,11786,5746,19186,8242,514,25139,1622,115,10197,2586,24906,22780,-268,10888,20628,13437,14383,-104,9318,16319,8336,23679,18753,9475,13544,1093,8058,9722,13626,14473,17739,11146,7321,8353,5653,20170,2282,17506,-2170,11208,14291,11096,25169,16363,6101,18270,19708,6833,13558,7314,15722
"ALL",1715,14005,17499,7538,3376,20980,11148,17049,827,16638,10737,18546,17378,19052,2033,11688,777,-10279,14536,14856,-166,1256,2846,22417,271,222,18295,15095,464,4407,-231,4079,151,11569,16371,12125,427,11796,7473,547,14418,23176,16624,15544,16519,5450,1963,53,14028,25277,17351,1233,4693,4555,14199,14669,-77,10201,7912,14015,13884,5153,16860,16717,20699,13564,7875,8445,1298,406,18211,17566,20948,13480,9836,12952,1076,10965,11783,8656,11642,0,5499,7712,26073,16139,10878,6482,6157,5149,68,14219,2682,11219,19270,18448,969,18221,1187,12696,3161,16642,7432,34,22899,924,16,14999,1119,23847,19639,574,3433,21850,13719,14028,-49,11617,13570,12622,20157,12299,11724,17212,3072,12481,7077,14419,14582,16880,10196,6622,5374,4830,17392,2128,18517,-936,15769,15232,10064,21970,15155,4634,17717,20478,10384,16659,5688,15454
"ALL",23021,25026,24611,15401,24,40065,17544,27923,5311,6116,22144,23721,15142,27062,411,14938,-113,-11234,22977,3339,2090,2648,2151,11170,513,200,27517,19831,-23,371,-103,2598,5830,18358,18996,10667,568,6284,8465,1163,4,23353,22681,23891,19955,6227,8190,106,20211,19821,22852,1930,7535,2464,10960,11759,-72,3183,16111,11389,13624,5507,16698,18182,21406,16689,8431,8146,64,284,14872,14021,17295,11222,5901,13192,2206,1133,2310,20520,3763,-295,482,8935,27652,15079,9216,4496,13545,1365,2147,19298,-694,11687,10084,17061,3050,9087,3380,11195,2009,22440,11819,2080,18359,198,149,11105,3274,24616,24548,-134,5533,18557,17386,12819,-38,6654,12764,16832,19572,10610,5736,11234,114,16340,4921,10998,6468,12094,4061,6530,8204,-28,12999,4401,10103,-1805,9121,6823,5707,15345,17014,707,20662,22837,6325,5628,1580,18332
"ALL",28335,27184,43084,14966,25374,17193,20618,44125,9721,8156,32936,7936,9509,25966,164,6448,2269,-9881,33410,9436,359,2828,-74,12594,1767,104,20678,23329,2102,6131,2226,639,32,3452,16561,13301,1762,11855,10113,274,3068,17785,19904,20551,31500,1105,3170,-199,30319,21519,8483,446,2349,47,2419,13705,1378,2761,11673,3145,14427,1844,12013,6730,7379,27768,5522,9913,601,1068,22001,18529,11563,4745,5150,5959,4820,1997,1804,781,4129,-416,1185,8340,36930,16352,11848,713,1275,2506,-69,19545,1043,5482,16404,11696,3360,15398,4975,8061,1507,29556,813,162,26762,2054,-77,1857,4606,21499,25559,-239,1031,16000,13006,7858,-431,1180,8897,4059,16219,9294,3869,10285,-32,3642,7437,11790,7908,14007,4608,4800,11658,1595,22236,2057,17278,-1822,2783,7319,7996,14165,19697,1642,21744,24712,2224,16449,1869,22530
"ALL",52692,38133,49419,24794,25276,27990,24125,38545,9264,20417,33933,10560,8358,13243,471,5598,296,-13390,35344,13129,553,1635,-530,8770,839,355,11757,30475,991,234,453,1238,25,3257,8121,8958,1295,4405,9774,1269,14813,21815,15388,9123,31216,1624,97,0,26329,18305,10706,1817,3007,782,3919,12661,327,7851,16879,5667,7956,2016,11502,7413,13701,15267,4830,10181,1534,839,12076,16307,13088,7117,4472,7179,10094,2178,4923,149,3893,-481,10410,3445,30459,15295,7706,1725,1748,3777,74,23800,2173,12298,16397,13539,1977,14167,1910,6895,-5,27974,1962,769,30173,311,-2,2049,1745,18431,20327,-314,66,15730,11484,9349,-357,1977,5268,4825,23288,4771,4568,12887,702,3919,6445,9251,6246,13312,7622,3558,5188,4537,19109,1102,14239,-1957,3198,8837,6313,18249,13384,4941,15720,21666,983,14059,4292,12854
"ALL",64015,40467,49084,17455,51900,53064,33230,36150,13639,24186,34173,13632,8202,13881,3568,6456,2681,-13436,35055,20253,180,1705,-76,9860,2724,249,17005,28845,8693,282,5780,3927,-104,4455,12180,12897,7463,19415,14191,1217,13380,13754,11217,19948,24041,854,177,-43,28690,20795,17305,1354,7043,-33,4888,6115,4788,11141,23639,14877,12353,3055,12732,9966,14699,29257,4478,10922,2356,3439,17989,6746,7330,19150,2709,22050,8866,2122,8413,1105,3355,-434,4585,5310,15464,11446,5637,233,1382,5104,-15,22922,9206,8505,11286,16069,3764,11171,4524,10370,437,18403,1619,345,14788,2928,-33,3512,3845,23352,15439,-287,5706,16613,9649,10541,-238,889,8319,10564,15538,5828,4743,5505,2714,10912,3451,2463,3047,7943,5452,5111,7968,7480,11606,4509,13075,-2152,6029,8098,7041,17328,22988,2282,18723,27061,1964,4323,13240,8167
"AML",1888,1027,20658,5952,1260,14225,110,19842,22502,15270,20066,13573,26766,6367,68,23869,747,-11169,14776,4795,17846,13015,-124,21021,1676,276,6440,16811,150,198,-171,7689,593,2912,3290,2332,379,17753,2776,107,86,6212,16963,19251,19046,3861,21229,36,15369,29147,22296,2268,3992,169,6574,12208,-11,3201,10428,10986,15692,16363,26868,14530,14517,16830,18941,14238,1510,1174,22613,23111,23661,4254,3513,9495,8872,778,2745,-128,10507,-201,18,14775,26414,10989,20847,3267,11562,1027,10,15828,904,13058,16071,15796,15202,17626,14911,21079,16,22205,9054,2171,27224,2493,7213,7878,14988,25439,23671,-314,4086,20338,3341,14571,-190,1178,7538,4306,24511,14020,4780,12353,-25,4038,3537,17729,3461,11209,3379,3720,11229,1,24115,6371,14689,-483,5106,11283,12110,25790,19557,460,22032,24890,11667,20088,1670,20506
"AML",14395,20848,19266,20880,566,30946,15808,23458,1950,8869,16737,18799,26512,18852,4955,21043,9006,-20698,16994,7990,21404,37936,-5,19002,13774,2080,18212,18146,11857,1536,12410,11468,8252,18937,16588,20883,3704,10910,8897,4904,48,23927,14715,16037,19069,4705,7145,1396,14240,26012,18943,3804,14234,812,14087,18951,593,3584,11134,11733,14266,6935,20191,18122,20591,16171,17159,6798,1682,24214,21448,12454,22637,11190,12448,13421,621,4537,2256,-102,6632,1099,372,13243,23274,16288,14077,7391,7451,6330,3628,18206,635,18131,16279,9659,7982,10557,7728,12745,8507,21306,6371,705,21375,1636,19568,11585,8256,21563,18944,-557,11753,16986,8472,9441,708,3410,8996,6061,20843,10560,4158,15600,510,5963,4578,14252,10136,11094,4125,3728,8264,123,20086,7056,17808,20519,6654,7732,8111,13765,15109,686,22180,23213,12054,17212,1005,17020
"AML",37717,34322,37749,20351,313,20389,27602,36297,1150,3650,27682,7904,28067,15017,10805,15497,10171,-22571,27481,4817,2745,1912,-440,20667,17279,1182,9228,24915,5949,2339,6177,15950,20459,12959,12524,8126,6710,13818,5732,7733,-86,21880,11446,10433,28010,11291,3228,1914,21332,15707,12939,2204,11010,82,14353,17569,8049,1424,17720,8453,20836,2576,17617,15775,13878,23947,12832,5617,2469,5754,25327,14423,17062,9137,11390,6923,1345,820,645,-104,11621,492,-362,6456,30525,13287,7733,2236,6201,1319,19878,18555,400,17595,15719,7339,4980,11654,5104,5959,5497,25597,4406,2429,25253,4264,9851,8898,4300,17780,17424,-66,2992,11798,9765,7848,211,1693,5070,5209,23748,7806,2799,13249,-259,4628,2431,11044,6613,12627,1844,4193,7037,74,19357,6957,17231,-2415,2753,6965,5845,18343,16740,382,27916,23704,4801,16519,595,19295
"AML",20563,14464,18595,18938,-61,31442,7711,20000,1923,18252,14464,7518,20472,21896,-152,20576,9138,-24493,13022,16561,11686,4994,-324,23636,11036,115,18486,14763,607,45,43,17961,13144,14461,17465,12833,585,15832,7915,1014,-101,19954,14056,15098,16269,15105,5674,-225,13876,19082,15761,851,14103,45,14470,22695,1232,14131,8792,12704,14007,7219,20038,10688,18520,15769,15392,6079,578,1934,19127,19602,18947,14650,14978,13668,1235,1527,15391,-881,12168,-177,544,12496,24782,12480,13549,4149,9830,1243,9620,15401,364,12166,18320,12933,6808,13143,7148,8248,13949,19355,7018,279,25251,305,6595,9850,6628,20699,18672,-753,4624,18058,10345,8523,-677,2680,7033,10467,23841,11109,5420,13045,4198,10245,2365,15545,6232,16902,3281,3292,9912,120,21647,7281,13624,-659,3883,9292,6676,20390,16355,-160,19900,19497,6410,15206,1307,17877
"AML",4943,8064,31068,15525,9877,20878,3976,31321,8438,10343,24601,17889,13339,31534,17085,1613,22222,-11978,21609,7518,10737,15665,-353,11457,15196,-51,24089,17932,21946,60,15963,2993,20,2913,23593,12965,20487,21734,10343,7331,-43,21037,26920,24180,28110,968,5460,-104,22225,22720,19448,790,4078,138,4452,20443,11264,5345,15305,8505,15696,7174,9813,11651,12622,19589,6327,16396,322,988,19866,24064,10351,7334,5732,7534,4944,787,4121,2229,12122,-308,235,18426,29391,17604,15130,1540,2318,648,155,17436,6009,11063,12238,9952,1867,20719,1649,14946,681,25784,5269,2017,35742,10447,4366,2486,2704,20039,25035,-4,8051,14870,14722,9696,-296,1629,11593,3616,20406,9883,2023,11557,486,3922,7796,11077,8514,22141,4525,5153,18426,-218,26990,7248,17868,1301,4223,6542,7574,15328,15161,155,19526,20861,7442,16627,968,13623
"AML",2545,3115,38690,9267,74,9788,2167,37108,11903,1780,30030,3982,11995,21282,9927,14092,9986,-11067,28550,2466,3168,1971,-7,15277,28647,78,15490,20183,14957,249,13436,4086,127,1731,15020,9251,10562,6932,6146,5658,-35,23857,16637,15036,33254,518,3272,-112,26111,21675,7419,929,1603,241,2574,18644,11967,1153,13878,2519,20230,3101,13046,6157,9835,23151,5102,12777,149,5037,23591,22503,14128,3789,3182,4186,5074,715,345,269,14617,-227,312,11462,32977,16797,10507,992,1096,1004,-58,21661,809,6674,19525,10446,2114,21009,2048,4939,792,28083,3019,4518,26494,3860,10120,2952,3111,21091,26829,66,1275,19354,13461,5426,-261,1562,8884,2623,25793,9220,2030,13748,373,2370,2678,12510,8082,14880,1012,2563,11417,51,20979,8964,20551,-1189,2246,8887,4905,18039,20101,174,21258,25427,1116,16608,440,14462
"AML",49282,59647,58203,10769,0,41573,43434,39663,20320,24629,38832,14991,14320,43858,6178,19612,14230,-16131,33163,25213,14193,1369,18,12320,2571,77,36483,26322,2262,15390,1900,3916,2132,7767,27633,6729,10191,23494,3193,4818,194,17473,41768,39623,27451,3857,4043,-173,28910,18848,19374,982,3406,531,4846,9449,806,13504,26876,12255,14969,10908,5780,7007,20586,24690,8052,15124,1712,488,16230,11173,11671,12833,5721,13992,5928,744,6497,2219,4145,-454,1190,6311,24128,25673,10707,6361,4367,1845,661,20938,587,7551,8067,13810,11007,12082,12731,9310,1829,23058,3780,1975,20069,3937,5903,3604,11693,15779,16512,136,4587,9075,4753,6475,-513,3149,7742,5650,12261,6188,3214,9405,383,5316,2070,5464,4383,11520,-40,1712,8011,80,14948,3653,8997,-1567,7266,4234,4642,13421,12558,698,12432,16611,5925,13074,3026,13773
"AML",34378,29929,31022,18444,34591,22551,17659,33011,31304,9902,26278,10766,2155,33580,16489,7833,27285,-9338,23848,6082,2460,5579,-112,15080,25625,68,21466,20757,38683,818,40792,501,160,1080,24538,9166,14603,9135,6604,7527,-58,17737,25423,25656,27585,924,285,-63,21639,14509,25420,490,972,20,2015,15191,33633,2958,15924,2828,18761,3445,11713,13746,14745,20371,3050,15334,945,8929,21628,24349,16673,5286,5453,8353,17258,678,2458,1657,8024,-225,328,7167,30297,15118,10228,578,591,1162,74,13589,2507,14025,13538,19654,4193,20390,3267,7061,912,25442,2886,4985,27157,11166,3717,1960,2501,14577,24327,-302,1054,15570,12722,11859,-269,1043,7920,2009,22793,1866,1839,12841,336,1873,4828,9553,7511,15775,1237,3662,11576,445,25728,10449,6242,-574,1362,8125,7089,18715,14377,314,18121,20397,1779,16046,970,17036
"AML",36026,30107,36915,25102,-201,28843,19645,37374,60,19502,31704,11118,19018,31262,-474,17887,28390,-16268,27480,9855,123,2334,-986,14081,2297,4,22688,19109,3420,533,2663,20633,13968,22941,23622,7226,-229,13635,6094,448,-82,23004,28813,27634,28026,5286,1796,-56,26247,26591,16528,448,13990,166,9885,16381,3129,7939,16914,8866,14764,2158,13175,15412,11576,24920,16342,8019,214,420,18201,16487,16459,8201,6927,15969,257,346,9937,895,4148,-244,153,9031,21819,15416,9742,3927,4105,1636,5864,18110,5743,13099,9926,11844,3017,12861,3008,11324,1723,28592,10388,619,26411,-1144,2130,5962,3758,15340,12458,-567,6404,14259,10011,11606,-442,6187,7661,5351,15256,4048,1094,11948,1332,5249,4336,10841,3086,14335,3946,8140,9324,221,21262,975,14150,-2683,2646,6760,5715,13327,13880,325,16842,21912,8314,11114,617,9211
"AML",3542,5836,22818,8212,-5,25685,2621,27138,7244,16070,21598,7642,23373,16573,171,22494,17371,-14244,21042,10207,12735,2928,-597,10245,4561,142,18694,18797,3911,220,2483,11733,7229,14684,8175,13581,461,17819,4799,920,84,11631,20322,20217,23125,9837,4536,104,19462,21299,18200,1562,10311,-35,11879,17390,2161,10027,9698,9026,14968,2673,22481,9357,12229,17825,7440,12201,67,386,20096,16785,15767,8893,7028,11943,4744,2752,7672,-309,10668,120,-113,11064,27447,14549,10285,8337,12218,2583,2964,19507,1615,11967,15617,14758,2906,15132,2703,12539,4988,22822,2937,797,26651,25,4667,7360,2789,20553,23619,71,5591,16301,14225,8667,-159,5586,7410,5108,23954,13331,3220,12824,55,4245,4428,13300,8070,13046,227,5239,9004,-170,22925,5086,10801,-3485,8150,7065,7208,22579,17911,301,23870,23421,3900,10605,1049,19378
"AML",53204,33833,39323,3946,58,24407,29136,37795,410,3670,26658,6383,2188,15596,1651,8252,228,-7626,31953,2968,2103,4283,804,6687,380,349,14611,21197,117,15700,-195,1260,621,11193,10269,11014,1084,4709,5746,745,-63,12281,14726,18156,28973,4005,638,569,27058,15713,7626,1830,4329,1653,4444,18452,2,3057,21360,6276,9615,1843,20695,17243,17445,15852,5270,4505,6322,215,17406,18871,15585,7574,6368,9232,154,1356,1993,2621,8930,130,1947,7922,31305,11777,9086,643,4924,1056,130,17358,1451,13525,13681,15309,945,12962,1260,9617,575,23151,4112,323,25774,2229,-189,7089,1208,18860,27536,-80,1034,15965,14453,11138,478,1319,4042,4279,21042,10032,1525,14724,-30,3940,4446,10323,11729,16150,1221,7017,6900,249,20795,3340,10015,-169,6220,8298,5394,18980,16982,623,29849,24248,3807,18491,3368,20506
"AML",32,77,15689,25367,-398,31585,-52,20306,17505,21350,15969,24172,23895,22495,5777,21048,5895,-20782,15058,17527,19680,4178,-595,11955,2270,1030,23111,15138,2203,-59,1749,3508,9612,15485,16134,8132,2471,18230,5076,6403,-486,18080,17352,16462,17044,18579,7586,3762,13441,24292,18214,2801,4525,294,8993,18990,-357,18177,9666,10768,11709,12955,20706,9753,21028,14331,12113,14521,-32,744,18094,16474,10887,11076,12987,12589,9297,1863,15975,1090,10168,1076,651,12854,23899,13137,18478,12101,8030,1562,2931,16893,1457,10420,15762,19182,7392,17494,7202,17446,4564,19833,8795,3157,22533,4913,7924,5550,7528,19438,19770,-8,4424,17565,7033,15332,2164,9422,9315,6466,23929,15216,5216,14675,2161,5785,5155,11829,6486,16499,2686,4627,10649,106,19674,5178,17406,-2241,8086,9657,11660,20228,16468,351,19970,21154,11557,9608,2860,15551
"AML",382,780,41570,71369,252,17789,252,49267,-154,10640,33532,14341,26632,11687,1173,6316,3917,-26258,30016,11185,3293,1450,-864,8395,2914,146,8371,45932,284,303,-534,8851,2667,16141,9935,3928,3461,24106,2952,2331,-439,11570,27611,26443,18613,2483,5953,-159,25857,32079,8523,414,5465,661,12351,9428,737,6422,7428,10965,5408,1659,16355,13226,8295,18830,13164,9220,127,2738,21232,8832,18911,6585,6541,15412,268,2152,3817,845,10900,-834,1019,16263,24678,17369,13351,4147,894,8883,73,17705,-1425,13489,6156,13931,891,5522,1097,15002,11375,30157,3353,108,19348,558,2705,5131,688,14417,23913,-341,1889,17662,5028,17247,-745,2843,6349,5484,29286,6078,1927,19071,176,4391,7260,18567,9195,7902,761,5042,9298,-27,14251,6311,14991,-3383,2846,9914,5958,18545,20419,1070,20286,31648,4207,15276,4109,20918
"AML",7531,11055,39538,48374,-97,29775,5347,41778,17626,27467,22642,21129,27597,21247,29817,28552,2606,-11973,33016,24335,24178,4816,189,6883,1255,201,14000,36084,264,335,-227,2717,322,10353,11301,4281,12519,14188,2115,39040,245,6822,32898,34026,31703,6443,9403,34,20297,27745,23272,3116,2977,1522,6612,10905,463,8924,19563,11637,9718,21096,15228,10186,18295,12001,6813,15436,488,1014,19449,8993,13590,9118,6658,10629,15487,1276,9793,2791,4670,-308,5131,8808,14505,18916,23311,3424,4793,2082,37,16680,227,10284,6276,16840,14347,8310,13265,12570,4207,32020,8803,13136,18508,14593,5249,6378,8201,18608,19516,-115,1633,15054,6385,15170,-62,2460,9964,3706,19641,9596,5708,9610,-41,4496,5261,7717,5300,9793,3959,3403,8947,-53,18068,5314,11783,-1983,6725,9336,6827,15568,13113,1742,21180,29483,7450,13979,7483,18323
"ALL",17602,17962,15091,21011,-272,31086,8656,20764,-113,19748,14391,16489,15009,18727,5642,5418,56,-19826,16258,15446,303,1024,153,15076,782,6750,21210,16514,-26,7,-351,4660,333,11038,16287,18443,3326,7546,16077,3245,14511,23239,15774,15216,14744,1489,212,14538,14002,25071,14223,6559,5152,723,8463,13924,153,13537,9712,7118,11126,1584,17139,12454,21909,13771,7819,6312,119,524,17782,15119,15962,10882,8418,14476,147,9144,8421,1158,14339,8529,5214,2700,22525,13665,9881,3987,2654,3221,292,16627,3215,15442,18573,14552,557,8868,382,13706,5017,19398,9564,-9,20663,6698,-283,4279,921,24223,16944,-44,3079,16874,7952,14913,9738,3035,6284,7632,22121,9621,9059,13058,749,7531,4157,12143,9459,10477,5565,4243,1930,3282,17748,177,12801,-2532,8231,13706,11370,19295,13947,9326,20649,19899,5752,13353,5956,14108
"ALL",9868,16964,11038,25240,-194,29288,13285,17636,4452,7657,12824,22665,13566,20668,4858,17348,-29,-17930,14570,6169,1358,5031,12791,19448,368,2215,21059,15019,-166,1405,-432,4644,5345,18550,17926,21084,5768,9601,7162,1353,-16,22321,16959,15643,16712,6084,1346,615,14512,23095,17650,3824,16420,9456,18588,25285,-248,3319,9336,14580,13568,6035,21863,19697,21319,15097,10357,4497,44,413,18112,20593,21492,11789,11569,13686,1858,4090,1798,15997,5086,1518,850,6638,24045,16658,17544,6021,6765,10954,2062,13660,1582,17789,18421,18931,2716,11636,3606,14719,10824,18006,2174,253,23952,2897,-65,13116,4101,21103,14183,9252,10455,18656,8200,14924,115,7085,14069,7445,23042,5137,4614,19729,1104,8445,11557,14953,6073,18420,5318,8548,4851,1627,21825,3460,15610,-1278,10026,9660,12714,21939,17262,895,19962,22408,3930,16698,1234,12913
"ALL",28056,23436,16692,14950,-79,14835,15704,23324,775,1032,17278,7562,18957,24672,-398,6156,-109,-27182,17008,-662,254,2012,-591,27410,1268,3325,24292,18034,79,-33,-329,2488,301,8398,22626,22167,-216,2918,21278,770,-206,24556,18285,17059,16731,2281,880,5669,15724,21525,21798,3349,7840,19653,11825,15794,-34,552,11727,5245,16756,10435,18189,20420,19963,17378,12527,1397,172,975,23006,14283,18010,5023,9738,6560,862,3192,-490,3925,9752,3668,85,6981,21956,15573,13086,1855,3387,16529,-25,18802,1798,19708,18617,21497,1716,7422,2997,16661,2130,21085,11482,82,21873,-740,-395,6428,2799,22425,19370,17495,9378,16744,7381,19777,3272,2072,13354,3275,23885,9518,1236,10716,111,3385,12125,11750,12044,11507,2584,11553,3097,2783,16891,416,12642,-2466,13498,7706,17967,18485,12195,628,22202,23054,5249,16707,830,16066
"ALL",23812,22240,15763,31449,-300,25421,15691,21733,157,13356,15147,10996,16547,18773,-121,7070,-62,-23396,16017,11734,-304,2168,-882,14920,882,3058,17558,17725,171,6418,-300,3153,241,5763,15770,21771,37,9491,11421,419,5207,22891,14245,14893,17036,2178,10076,4850,14490,21279,15790,2442,5802,-190,8847,21231,-155,3529,10177,6779,11439,-45,18894,13477,18519,13818,7693,7723,395,786,17633,18977,18467,9567,11464,8955,-50,4750,2686,-300,8995,2569,6750,6276,24663,11275,14466,2825,1646,5364,-2,16263,11688,17589,17692,15979,1143,10420,1331,7177,2922,20331,4112,285,23052,1392,-367,3675,1166,21932,20411,-449,1493,19405,8007,14619,2293,2894,10677,5700,24116,13522,7070,16647,118,5252,8484,13939,10292,17843,11689,9425,3499,1544,19994,392,13815,-3216,6678,8763,10577,18865,15454,5314,20642,22312,2783,16960,1252,15496
"ALL",3553,5472,18128,12606,-157,29543,3390,20332,2175,13769,14101,12769,18660,19091,687,9017,938,-10339,17258,9260,-86,2877,-448,14653,949,1130,18530,18478,315,2139,-325,3185,93,7880,16386,19363,974,10367,10273,693,5994,23943,18323,16597,16806,1094,13149,1284,16640,23776,15470,1056,4690,95,9449,22273,43,4240,10411,8732,15030,1583,15341,14846,13909,15619,10766,10675,124,531,17384,22706,16105,8512,9349,8443,1023,7453,2345,197,3407,316,4902,9739,27143,12465,13686,7373,2189,2837,138,16907,2597,17797,17491,16141,2917,14877,3069,9445,3260,18998,3787,3058,22863,2312,290,6411,3250,23271,19924,-177,4742,22103,8590,14573,2731,5189,15517,3719,24471,14321,9553,18333,833,2911,9575,15848,12619,19284,10308,8511,6697,1896,17680,7972,18906,-634,8644,10422,13723,21388,15614,5354,21232,22697,3720,15831,1449,15002
"ALL",7809,7418,34207,24722,-202,8097,3085,32791,1612,1749,26900,4834,14522,38467,-248,6221,88,-21658,24528,1106,1168,2766,28104,25771,910,3906,33638,23815,-104,-74,-364,1198,215,6691,32046,26169,280,2263,21046,503,-220,25405,25364,25351,23456,1513,531,4148,23235,11926,29496,4530,7461,7978,9106,14846,-184,1417,16421,2633,24420,10205,16876,18192,12278,27972,6572,1657,-28,656,30481,14611,11471,4214,12415,3632,848,1897,35,586,6280,2404,236,5263,29898,27089,10375,1458,2951,16135,23,23447,2222,12827,19492,22097,3300,8371,2850,9305,5844,23824,6328,766,27994,-44,-40,4201,3126,18656,19403,13526,8842,10340,11252,10619,2743,1232,6638,3158,23810,9271,917,11254,51,3314,5315,10055,8241,12474,2647,5811,3703,2372,19997,597,8129,-1872,8309,4923,10909,13146,12808,282,26448,19133,1651,13912,807,16775
"ALL",41911,33041,30801,30267,-253,21002,23015,33797,109,10249,25197,16433,9147,14956,-223,4746,-78,-24024,21840,8433,-233,2034,-1129,11605,826,7761,20531,23369,-250,2377,-341,4528,159,9313,13576,15327,1080,9863,8265,334,-104,23781,18106,13087,16959,2866,4652,21573,22243,15712,18805,2532,5713,-270,9011,13050,-194,3216,15907,5586,12125,307,15252,14223,15021,18708,7216,6601,1107,779,20356,13830,16188,7144,8502,9542,-299,7593,1492,465,9502,26002,5998,4456,29492,25427,12736,5649,1885,6067,107,24680,-527,15317,13949,16599,830,6632,1201,6699,5687,23848,3832,120,19901,-1290,-366,4239,1053,16142,16666,-653,1063,13801,4837,14650,11031,3584,7852,4150,23571,10811,4402,16372,134,3481,6270,7853,7522,10328,9428,5430,4879,613,18972,403,16562,-2873,4824,5719,8535,13514,14373,5146,22112,19288,1702,8088,1834,17770
"ALL",3991,25832,25147,34136,-272,40065,17601,24655,44,21435,21687,18892,17979,18006,1541,7881,-257,-27570,18943,11169,-247,1811,365,8184,1302,4277,17000,22753,-110,3817,-649,1454,455,17826,16303,17348,883,5886,11357,2440,9682,27237,16885,16829,18213,2129,133,3934,17199,13118,17175,4542,3230,1289,7850,18936,-322,4776,13493,10295,4175,233,17138,19366,24018,11531,10210,2223,5012,643,10642,16711,13618,11441,7148,15741,-131,13214,2577,1095,13141,1299,5853,3323,25858,19436,8118,7820,2193,3103,-19,22449,3679,17450,19213,18077,1683,5937,1947,10507,5431,23246,6217,380,26804,665,-656,3625,1751,17742,19283,145,-250,12486,5901,17011,1548,2434,7432,5646,24964,6755,2033,11832,1115,6015,4566,9769,5162,10468,4742,6677,1361,4066,15780,140,12448,-3550,5033,6731,11072,18831,10342,4048,23194,13009,3487,14679,5601,14010
"ALL",978,1671,15272,13273,-130,16292,143,18208,1219,1432,12006,7918,20595,18507,910,9431,-35,-25171,13129,437,336,4944,14290,19932,1337,6114,22307,15348,118,191,-395,1798,445,14471,18288,20388,-561,5919,21674,1926,-118,23602,15693,15246,16113,3862,6915,13005,13825,21772,17827,3916,11441,16572,9491,21792,-195,786,8893,6382,15546,11375,21607,19824,19279,15594,17588,2593,-44,820,18316,22709,18757,6286,11771,7641,976,2551,-130,582,14781,13939,345,12128,23594,7485,14541,4563,5145,15235,104,13611,3119,18909,20296,16795,1965,13954,2629,17678,3371,18541,5881,160,19765,832,-231,10626,2343,22447,19459,13158,11741,20634,13385,15050,7272,5143,16358,4446,22521,17246,4988,18139,-75,4966,10061,16610,14825,17887,5522,10096,8382,1391,22225,848,16869,-1849,13655,8414,15432,21367,16742,423,19294,20947,9480,16866,955,16467
"ALL",6153,8419,21801,6933,352,10073,5013,26774,902,2273,18387,2779,22332,25078,-72,5092,392,-12500,18960,1671,498,6687,15987,27919,82,-9,20357,20012,344,-10,161,5702,522,17685,20332,17569,260,3387,22146,361,-93,23694,19625,17924,20922,1974,696,-163,18867,21632,21874,532,15331,21880,16254,13129,-15,838,11949,3845,18782,10110,16595,21759,11614,18398,14289,2776,121,448,23485,20338,17741,3584,7696,6039,1099,1983,129,865,4396,-241,256,9205,27518,18678,9909,4169,2334,8982,-35,18927,4927,16337,17462,19497,1781,17067,2148,11779,1295,22030,542,553,28033,-222,-36,7341,1502,24062,23122,5588,12546,21003,16096,9423,-213,5700,9850,2398,25118,8487,1083,16914,161,2183,7194,15529,12022,16525,3093,13098,8790,972,21794,1094,14319,629,8147,8435,13261,16008,16647,585,21146,21263,4630,16302,897,17688
"ALL",19085,17592,18167,14048,-184,9073,10580,22297,112,461,14650,2638,24051,20196,-74,6027,16,-17480,16974,-321,-376,2968,18275,25452,737,1531,18573,16253,14,278,-335,1248,1278,18093,16870,13372,-61,2128,19740,675,-182,24755,16241,16311,19733,2561,544,791,16328,20849,17789,3538,2499,6008,6240,21920,-197,236,8079,5139,17041,5598,12754,18174,11254,17651,9554,796,239,413,21746,19725,21851,4479,11587,6012,99,3680,-380,700,5914,1553,-40,7933,25966,18795,5481,2545,3947,8630,189,17281,1174,11899,19190,15282,833,11311,969,10500,4220,20014,3427,143,25524,1040,-152,13447,964,23786,20742,8361,12682,16469,14091,15490,122,2135,9459,3348,24883,11557,753,12209,35,3278,7021,12024,11496,18265,4194,8438,4987,780,20866,1343,15791,-666,7035,9052,13034,19196,16439,147,22024,22476,6953,17025,206,17068
"ALL",13625,10660,27087,9098,349,25346,5501,30546,2979,12114,21135,16858,4539,17705,-71,15280,1452,-15256,21421,8832,107,8918,-340,19281,1296,4239,14924,22497,22,80,-47,11149,3684,12006,11664,15269,-152,7797,5867,255,278,16265,17558,14516,25213,7901,1806,8299,21200,19699,25622,6599,6116,612,7218,19431,-145,4666,15497,7372,20863,639,19110,10556,16809,23030,7264,5458,102,399,25785,23650,9174,10249,7889,11347,2233,5705,4295,4666,9678,5351,1802,6038,29507,13817,9020,2162,4207,1695,1855,19268,4857,17088,18062,13914,4009,12908,3939,7458,6011,21289,860,583,28619,780,41,5459,2599,26879,15345,34,3545,13007,7776,9183,4204,1914,3904,4499,22803,15181,5026,11965,1076,4912,4036,13451,6711,14053,4101,5259,5472,2433,22066,5252,20751,2102,3449,9520,6001,21376,16049,2504,23781,23700,3423,12258,3052,19078
"ALL",13604,16215,19324,16617,-106,30797,8567,23104,-105,22819,16203,14353,15822,18957,2087,6183,22,-12854,17200,16757,-97,995,-318,11065,160,55,17084,16115,20,59,-86,4229,116,12034,14587,9946,3384,14517,17328,397,6654,23198,17520,18132,18877,3602,399,-71,17001,27485,18530,892,5451,282,9713,15106,-227,17459,11377,15435,10630,5125,11793,20407,20133,15408,5249,8259,136,273,11898,14555,17992,14833,6958,15086,95,13883,11895,2286,6609,-316,7400,7080,21499,15440,12192,5028,3709,4765,3,17921,5308,18015,14291,16150,93,16249,210,11793,6509,21565,9004,5,21474,1325,-104,7492,123,27162,18349,-294,2459,20578,11147,12586,-209,8166,11615,11134,22140,8798,11150,14187,3268,9826,12920,10227,7346,14446,7747,14431,5597,9811,17259,2408,20684,-1301,8020,11960,10173,18714,15161,5075,19472,20523,4282,14389,10164,13783
"ALL",22650,20080,14760,23337,-169,28519,14585,18283,2675,3274,13734,23424,15133,20079,445,13077,93,-14937,14992,2992,820,3836,16154,16323,838,628,20761,16465,26,1439,-348,841,94,7974,17503,15571,610,3531,7624,1110,-40,22597,15493,16023,17723,1204,1342,912,13925,21720,14919,1774,1950,14079,3590,22760,-186,1640,9068,12962,11676,2653,20085,16533,19916,13972,7918,4217,497,583,18540,18743,18691,11702,14111,11387,1654,851,895,13330,10724,1916,1424,7850,24068,15294,8270,2624,2466,3529,9,15302,1105,11890,17593,18813,3576,14053,3633,10129,3705,18057,8365,1651,23810,902,-140,3139,3264,21210,20225,-458,2484,19140,9518,16065,583,2716,7290,5416,24793,10988,2357,18532,-62,5473,6555,11334,12217,18704,3076,6763,4222,257,22061,2525,15479,-585,4893,9640,13239,21071,17070,155,20239,22500,4254,17786,1998,16001
"ALL",1291,1886,11631,30256,-190,23338,456,18949,64,17537,12889,16638,14432,20258,1843,8506,333,-13380,13949,14404,76,1840,151,17426,520,2773,19599,17202,-16,212,-350,2826,29,7810,16292,21908,896,12831,14960,1193,14812,21212,15027,16741,16858,2859,5151,6800,13074,17418,17499,3588,7612,433,8024,21306,-80,8739,8694,15728,14110,1717,21445,18153,21147,13935,4418,11103,54,478,16658,22167,13319,14856,11899,14741,77,8568,9326,1787,12996,2740,7938,10803,24111,14117,15261,7081,4968,9000,91,14709,3260,14147,18787,16449,637,16649,735,10758,7187,18202,5774,60,23891,546,-198,5550,434,20978,18596,-382,1709,20539,11945,13228,6946,3521,14695,12184,23118,13845,10737,17094,55,11837,11506,15059,13437,17603,10614,10198,8104,6270,20365,2133,15934,-1260,10267,9607,13382,23890,16082,5767,17990,20416,1395,17641,9762,14792
"ALL",12223,15549,16738,27268,-264,14990,6725,23166,157,15787,15277,9782,17264,19710,1789,3720,3562,-10492,16610,9567,36,2850,-279,10815,478,124,19110,17756,174,-17,22,3097,38,5024,14149,11203,208,9546,6918,243,811,22534,17843,16820,17858,1259,470,-8,16360,22417,19987,1106,4009,4811,7524,15203,-131,3370,10876,3104,13017,512,20273,13573,15165,15036,5187,9569,184,501,17585,18557,18762,3458,6535,4700,129,5256,2722,1571,5843,-186,12403,7186,24226,15431,10835,4959,2102,10227,73,16884,1845,16668,19533,18315,635,11518,637,16011,1452,21255,6176,140,25393,-3,-102,4538,975,22743,22066,-330,5862,22738,13265,14483,-251,1762,11916,3615,25433,10014,4330,15409,170,3198,11089,14143,11935,18122,6737,7075,5847,6845,21277,1232,13564,-1260,11553,10142,11269,25832,17800,3649,22371,23722,2240,17532,2090,15912
"ALL",21882,21917,14030,28952,-6,27238,11630,19482,41,11030,13409,25301,16172,19137,5593,12676,1441,-19523,12987,4144,375,3843,-565,16575,7,12,22689,13658,149,1060,-847,5339,282,13170,14998,10470,3977,17799,19836,5019,-159,25068,16608,15370,15040,2689,4109,-96,12973,25027,15084,902,5493,7932,15606,26584,-652,4405,7736,12882,13007,4639,21779,11833,24360,14758,8462,11403,491,864,15992,22629,12462,11984,14654,10977,-391,3574,2784,8390,17349,-382,715,13412,23997,11945,16373,3238,3974,8469,17,11993,683,12879,20529,22334,817,12492,973,17077,6932,18239,12218,147,22141,1755,-158,3282,1133,21766,14005,-766,10698,16376,14313,16101,-397,5280,14838,5630,23812,10361,8865,10246,-43,4631,13775,10184,6735,16798,4371,11970,8693,1234,17557,1150,16902,-4125,4551,15678,12825,19324,15259,218,21115,16652,4060,11778,1493,9278
"ALL",247,62,23505,13297,-143,32645,74,24312,-26,24727,17722,1182,9642,23994,14774,9783,184,-8692,19782,16550,22,9087,-90,19482,-144,2682,22481,17086,179,102,-153,932,136,3790,18221,10736,6102,5039,15159,6669,3119,22936,21275,19146,20832,2753,6975,832,16559,22807,23352,6134,1689,969,2345,19346,-84,14706,12914,8097,16429,119,21753,9209,18365,17485,4258,1535,112,441,20255,18432,14221,8760,5751,10693,100,952,8129,-112,8178,273,9196,14766,28109,16256,11519,859,1891,2091,41,18649,1088,13208,19508,10127,1631,14283,1263,5343,-168,22268,4752,11,26440,10528,-76,5267,1261,21607,24724,-251,642,18984,12479,4215,933,2376,14417,4725,21445,10262,7274,13516,76,5217,4845,12278,12231,15542,3990,2410,8516,-135,23019,1232,13182,195,5135,7934,8316,21979,16022,3339,20452,23999,864,13791,2872,15967
"ALL",4837,18793,20225,33143,-202,31031,12670,24377,-23,20755,18828,17322,3752,13457,314,4453,478,-11572,17360,18100,-180,7168,-307,12502,45,145,12040,16390,-20,1060,-38,1045,-53,12336,9670,6474,1099,11235,6595,791,3342,20962,13835,14653,20221,815,145,-56,17228,22763,14423,986,3219,319,5854,18615,-125,9377,12498,7561,14131,2176,16458,18879,15715,15675,3385,7217,5089,364,18930,21879,20398,7370,4661,10248,222,10643,8607,4812,3462,-414,2680,7182,23933,14616,9622,5500,1712,2273,16,18397,2415,16021,14311,13491,846,11973,694,7500,3233,20849,7751,65,23297,533,-108,5160,758,22198,25926,92,9145,20386,13196,11163,-284,2105,6941,5356,24879,9433,5811,14233,64,4756,8499,9848,15891,15496,4553,6683,5471,7686,21412,1519,13508,55,5426,9497,6450,22040,17446,2696,22088,25492,258,13882,8203,17911
"ALL",0,9395,6479,27358,-256,19084,7720,9995,202,17110,9490,20702,16311,16259,569,13988,379,-13838,11538,16217,205,3133,90,12701,-862,318,15575,12565,232,15643,-508,6219,119,15673,10471,15867,965,12049,13380,696,17185,21770,15428,13827,12945,2233,187,70,11291,21305,14836,912,13311,6259,15573,23965,-128,12634,6580,12559,10592,2175,16418,22291,22998,11343,7334,12317,8308,435,15580,18643,22264,10960,9427,13484,363,15357,11098,2617,9987,-364,11267,10188,20657,15843,15842,16085,5593,12217,242,9927,3555,9865,18881,18329,883,16895,888,17611,3940,12932,13039,154,15232,883,-58,11184,1057,22274,17601,-629,1085,20206,14974,16819,-233,8573,16627,13750,22448,18927,6605,20041,850,12565,13830,14539,15987,23144,12747,13116,9718,10926,19285,180,16786,-2447,14383,16997,13608,20522,16388,8148,14410,18327,1371,15747,10202,14520
"ALL",10266,25245,22143,7570,-154,2006,2810,24322,21,14610,20459,26510,18407,-173,-228,2900,-64,-7397,17004,6256,-124,1240,-17,188,343,19,868,16516,156,8,-38,2700,118,14895,570,9913,-162,1387,5543,327,1060,164,17866,19267,17086,5193,16,-103,9673,33548,20840,1263,4391,356,13083,26106,-137,1575,1971,3711,-74,814,31453,22336,10654,2518,1779,-61,194,416,5325,9454,28788,393,2707,10409,-14,7292,1079,6106,10260,-259,3094,2394,17827,15421,6872,10631,3173,2973,184,16869,1762,22218,1161,10248,560,9758,447,17420,22,24478,1978,34,24694,12522,-151,4499,448,6578,22233,-212,708,27333,21800,17227,-282,398,3575,533,29644,8384,11,19552,-183,438,16492,5755,17810,15370,11199,13571,1676,1830,29485,1912,19284,-1470,1821,15947,7740,13544,717,2805,25785,30075,208,20294,2902,3070
"ALL",28402,25589,24327,11829,-129,39558,20226,28109,184,22207,19605,4249,12690,11071,-14,6074,51,-17179,19092,13627,-102,1018,-440,13831,678,7518,7597,20888,137,1498,-176,2809,206,16299,8588,26896,129,1726,7606,150,3283,21747,10551,9304,18918,1026,179,16487,18215,21028,10036,8237,15272,-28,11354,19140,-202,6251,12986,16325,11270,643,20524,13895,21464,16025,4889,7434,367,575,17807,16951,12732,14711,4033,16305,-173,10404,3426,-394,3061,10071,8127,1082,24093,11499,8747,7517,8670,1743,155,13488,41,12208,18084,12201,886,8473,527,6780,10068,23416,1520,40,23086,694,-243,8800,993,25044,21143,-115,-31,13750,9801,11360,13380,3296,11049,3865,21564,10391,6563,14010,576,4150,9604,13042,7746,11729,7910,2984,1333,219,17540,354,12958,-1832,5089,5745,4060,18009,7573,5397,21311,23281,2854,14081,2798,16169
"ALL",9976,11674,36417,29611,-138,4082,3184,34139,497,860,29594,3816,9256,22878,-336,3729,-36,-14937,26573,-1,425,2110,27822,16743,1177,7453,19551,29191,28,298,-197,1212,146,10721,17779,25996,-233,1877,18187,482,-151,22177,17883,17534,22274,740,279,17655,20490,9459,21444,10411,7426,3894,9368,19709,153,216,8296,1782,19434,2933,21233,19249,8604,23399,4153,528,146,782,25224,13981,13189,1730,7859,2129,556,2540,-169,4037,8399,5885,106,4785,25272,17999,5855,1035,2505,12805,148,24282,801,13192,21081,15917,1525,7079,1820,6716,834,26307,4259,212,27159,169,-275,3995,1782,20805,19002,7781,6562,13713,9497,10052,17011,575,9888,1430,24132,8619,467,15104,64,1556,5479,6598,9529,13888,4316,6911,1994,807,21018,178,12805,-1956,6288,6182,10707,14925,14509,870,28357,22031,539,16318,322,17279
"ALL",7295,11243,14989,27983,-32,21307,4462,21817,5,9988,15189,19806,16543,19613,-94,6023,59,-17368,17425,10989,-205,1815,-129,11329,734,245,19009,19097,26,200,-127,6566,185,9081,11295,13709,-274,9198,10398,250,3497,25276,17002,15702,17151,2785,7505,-142,15518,25322,18546,1070,6179,139,10048,22320,-26,4465,8384,4768,10299,38,16553,15811,16743,14012,7131,7251,163,672,16402,18952,20579,5703,13925,10672,156,4516,2737,-191,15264,-386,8558,8574,25469,14915,12299,8351,1876,5981,-146,15906,1394,20515,16642,17069,108,12468,71,9241,6492,19490,4265,178,23082,-797,-263,5819,39,21634,18221,-169,2211,18904,8801,15896,-346,4298,10929,3197,23256,12286,7477,18481,-80,3574,12848,12014,11729,17535,14682,6424,3317,1628,19389,1687,15007,-1710,7361,10460,12022,22750,15083,5955,21394,23648,2724,17417,1290,15575
"ALL",3492,17746,18343,13679,-219,32785,14550,24538,-19,14158,16096,22580,3771,12980,226,13278,135,-17377,17105,13136,-229,10336,-316,19430,502,9085,10929,16714,1,12226,-534,11473,9270,19908,8496,15687,165,8572,7612,397,2410,20927,15190,14125,19906,14011,179,4958,16702,19921,16072,9692,10032,2572,15902,17889,-115,3297,11552,13714,15970,2193,21381,15227,21907,17512,3951,4692,5352,539,20346,23576,14209,13201,8183,12817,-76,10295,3265,13928,4503,4297,1986,3911,24589,13847,10798,17078,5221,2425,4271,17608,16107,11965,19590,15835,512,15190,515,8927,6994,20967,1693,69,26232,742,-203,6383,160,21851,17281,-187,8156,18406,8653,7078,2666,8453,6534,6488,22816,9012,8681,13588,1397,6723,5613,16104,6823,14790,3233,9712,3635,2790,22679,3711,16465,1286,5669,9695,6613,21760,17628,5070,22954,20841,781,11294,3915,15883
"ALL",26941,19660,12801,12146,68,31614,13276,20358,76,19291,16603,17114,10429,14928,601,4718,196,-10652,16958,14115,66,1865,-376,6480,29,322,16563,15861,75,506,-270,6414,183,15023,7579,21004,619,8670,6395,1142,10585,13198,19025,18114,18341,2381,244,29,15794,28168,14954,2367,7253,342,4344,15369,-50,9173,9245,13713,8380,2722,20981,10184,14998,13508,5371,6827,988,530,16130,17285,15345,10872,4737,15085,400,8649,5083,4546,10193,-337,14538,9240,25361,15195,11200,9976,4124,3323,29,16740,4610,13846,19619,17792,441,16136,304,14332,6425,19273,5172,39,23625,544,-53,7484,446,24751,21408,43,8025,19521,10378,8793,-148,7825,10243,7486,22484,11109,13536,12487,227,7873,10573,11140,11032,12742,5779,5613,6590,5455,20717,1750,14983,-887,8519,12520,9409,18762,14942,8219,20441,23139,4415,15807,5542,15301
"ALL",19460,20863,25673,24899,-438,16507,9956,31261,-117,9892,23575,13044,7338,19471,331,4110,-93,-20406,21808,7640,34,1883,-378,9805,176,4681,15848,22113,154,142,-530,1678,150,8854,12077,12142,-419,3060,6681,549,7593,24798,20134,19996,23498,569,111,7953,20633,24997,12987,3692,5454,-276,7989,24531,-381,2523,11815,5293,7327,-4,22469,12494,10284,17149,6020,2722,20,658,15100,18086,21251,4226,5503,6656,79,4273,810,-134,4658,2584,9134,5017,27327,20237,2248,4920,1128,2617,-233,23878,-710,19042,19848,12030,1976,10258,2331,5553,384,26052,2769,54,28296,2653,-398,2315,2406,23303,25800,-624,-794,15750,11401,13124,4004,4287,8759,2491,25119,8781,2207,9627,101,1653,4578,9987,10450,15657,7410,3190,4388,2495,24399,291,19145,-4226,2816,7815,5972,14877,15371,4184,23124,22650,1067,18900,1746,16951
"AML",21622,19478,16716,28698,760,18125,10079,21029,334,5093,15590,5545,23297,15550,15627,12406,6960,-17310,15987,6694,1537,6366,54,17664,13464,561,16027,18911,1749,807,921,20201,8054,15573,12695,11871,12507,10227,4265,5383,-274,22962,15535,15725,18291,13338,4770,504,15078,25152,13905,2244,10726,970,19485,22409,93,3570,9007,7265,13861,2367,20590,9242,16089,13940,13146,7642,164,3038,19462,15440,22386,6639,14917,8102,414,461,1334,269,15349,114,554,11454,24409,9395,12607,5056,2537,911,3693,16654,443,18547,16408,14719,4192,10736,4259,8942,3772,20310,6133,247,23046,7631,4830,7770,4300,21513,19381,161,2037,21363,8905,9205,92,3386,7372,5750,24887,12014,1813,18298,0,4867,5817,13673,10453,18584,1467,5142,8223,454,22002,8518,18896,-1629,4239,10760,7240,18342,16406,711,21022,23187,3533,18118,1457,16149
"AML",61228,39079,45492,25366,-194,15057,29588,37884,-120,14177,26633,11270,11145,13001,1991,7855,15791,-16281,28689,12013,1481,3703,-452,10695,1233,1733,10462,35612,216,11527,-336,1055,216,6927,9628,7860,1909,7848,4991,1082,-288,21194,18960,15192,27470,2306,1118,2171,21889,26279,13424,3481,2205,682,5008,14490,-26,6588,11349,6074,7103,1752,17171,7021,16293,16721,6658,4881,6162,456,16358,13350,13302,4972,7757,7771,4,216,4984,3986,4222,904,228,4898,27111,16601,9125,639,1226,2551,-45,24399,-591,17356,13388,9765,2327,8158,2517,7966,2974,28672,6386,216,25310,591,-312,4328,2397,19688,17933,60,1587,11753,6526,10726,1752,654,4453,3243,23848,8663,2469,16663,-192,2880,5407,9135,6052,10637,1639,3238,4008,2,18847,3628,18412,-1322,3291,7360,6648,18020,14425,654,25664,25320,1454,14345,1074,17757
"AML",18541,15884,23865,12956,1563,37164,9547,26190,20611,15576,17685,14398,25528,25106,15292,24521,2005,-27398,17491,16580,17863,10634,-761,26516,7955,718,26818,18167,371,782,-135,9452,17022,17446,21865,14886,13804,15609,17522,10500,-7,23678,18111,19287,20499,21135,13366,580,17048,22090,17332,2371,18826,-204,14407,15286,-267,12950,11444,18066,17621,17853,17536,12549,21546,18306,13773,15057,777,9823,23892,7341,10975,15921,17609,16593,10610,4451,7461,-833,8346,-38,239,16239,21527,17907,22286,7320,13963,1297,11517,19549,1720,12363,17950,20839,15761,12107,15519,16133,9361,20056,6334,20504,23308,11169,4573,11257,15351,20721,16961,-450,1671,12485,7927,9395,130,7779,10625,12718,20419,9163,4664,12386,25003,14675,4490,7538,5878,10079,2040,3223,12061,455,16338,10603,14032,2340,5504,6302,10282,15251,15127,-14,21806,21628,8386,13597,3289,16993
"AML",4,15693,17359,23363,-103,32204,6839,20909,6869,13094,14577,4954,20254,18866,15833,21277,1003,-23673,14642,13065,13296,31781,-954,25634,9933,1635,17484,17086,1586,1729,1149,16492,19361,16136,16711,14927,12347,15261,13055,13294,-104,21916,14434,15005,17868,12115,6523,2183,15104,19284,14387,4269,13481,-131,13157,20108,176,4575,10228,12242,15041,7839,22013,16524,20096,16806,11107,7895,18403,1280,20251,18590,20056,13307,15160,13591,3234,1221,4497,2215,9990,870,540,7714,26301,13632,15062,8205,13317,753,12979,16257,1117,4848,16806,8142,13087,16980,13221,10818,3839,19179,6207,14508,24572,9892,6759,12512,13348,21692,19774,-222,1579,16041,11160,13237,1563,2380,5345,10502,23681,12013,6595,17148,5526,9258,3763,15619,5966,18802,2840,6033,9229,297,20226,8479,17149,7635,4355,7653,8234,19944,16259,218,20561,23198,7683,15491,1452,17371
"AML",0,16072,19406,9820,-360,28295,9211,24380,-44,943,16836,4674,7075,15226,1053,20124,5702,-23645,16731,488,1661,2494,-765,21592,2676,3946,11184,15612,727,24744,634,10574,10043,18118,14663,13107,584,12468,10355,995,-182,25342,14254,10312,18830,5902,572,819,16909,16835,15140,6727,19451,-179,22822,25056,-97,304,10041,6275,15033,1851,22575,22819,12008,16523,6177,743,17415,804,21518,20343,23514,8768,14977,11303,-136,1294,-313,-459,3885,1938,235,2974,29169,18447,10941,3903,16171,2708,5072,18273,807,4863,18352,3911,1663,15662,2702,10660,10662,22051,15019,176,22203,874,1569,12221,2374,20693,21444,-168,5641,21827,13784,10437,513,3251,5785,2688,24456,6021,2502,17646,122,3634,6604,17284,5310,17933,3589,4537,4846,166,20402,1285,14263,-1707,2306,8908,6675,21063,16477,251,23794,23869,3527,15863,281,18181
"AML",13489,18200,17878,14161,-265,29833,14629,18636,585,13274,12912,18379,18421,18644,2925,16705,429,-20376,14475,11858,1073,5559,-397,19351,548,1710,16876,15944,303,3074,-383,7493,15202,20011,15706,16503,2408,11793,15986,3138,-15,22897,14595,13913,16672,13895,795,1065,14568,21655,11444,2644,13765,1983,15876,19945,-31,9662,9451,8724,12453,2621,21599,14906,18352,13859,12227,3701,2740,646,17844,20627,20327,10235,15315,10547,383,6127,7892,1645,12727,2039,3053,14128,25145,14104,8870,13159,13057,2493,10476,14845,2317,18181,20581,12096,1953,15236,2475,8913,14971,18813,4458,51,23447,1199,-21,8885,2165,20803,18678,-410,1991,20201,13344,11838,498,10713,8749,8121,22391,10531,5032,17818,204,8218,6978,16028,11524,15351,3768,4861,3261,-252,20910,7858,17246,-1134,3532,12202,9505,20630,16848,-2,20607,21146,2860,16390,2267,16526
"AML",7617,23010,26052,9486,996,23862,17503,28159,374,9065,20789,3690,18508,12482,3969,11012,2204,-9501,20653,6918,6962,2569,-448,14706,19615,269,9184,19003,10778,6879,8059,8137,3104,10380,8446,8957,2177,12352,10418,808,23,18498,9529,10279,25141,1908,6377,442,20051,12864,10319,975,6027,113,7688,21146,1831,2705,15533,11383,17479,2452,24526,15609,17714,19228,6300,5297,8991,15074,19262,20969,16980,11461,7780,9355,681,1842,2710,3,17184,-14,-9,7116,27311,6080,9018,1422,8213,487,1653,17393,143,13555,18504,8177,4063,17796,3605,8936,3936,22737,2377,571,30354,1250,6569,6632,3475,20488,22366,-153,3044,16885,13433,7933,-54,1839,11206,4821,24868,9586,3531,14374,83,6039,4206,17052,7992,14179,947,4404,6032,297,23990,8859,17142,130,3002,13174,7226,20787,18644,412,25319,23424,2598,18236,439,18979
"AML",13741,17747,11983,15288,109,25055,12593,17347,11456,17428,12535,10463,21857,20311,3170,18372,353,-17580,13378,15856,14555,13588,-1017,24678,9994,209,21787,14035,2236,989,1556,20688,6506,18433,16788,13303,4053,15961,7901,931,-104,24419,16207,15421,15917,11990,20599,45,12637,23132,16802,1969,12386,-154,13884,25008,505,13176,8770,15229,14230,9349,19501,17035,21020,15527,15470,12304,1409,18795,18329,16168,20303,14783,17064,13538,4129,1425,10002,-820,4889,-186,293,13913,23082,13791,16498,7226,12449,769,2971,13465,8364,16109,16425,17437,6612,13689,6268,13885,3894,18883,718,3425,22417,2098,7372,9491,7039,22054,18294,-322,3982,19465,8531,8476,-450,3802,13621,10241,24357,13353,6945,17821,3847,10429,4642,13049,9249,17480,4576,12584,8374,412,20413,11003,15318,805,8761,12700,11767,18475,16078,343,18208,19087,9936,14805,1679,15610
"AML",20785,14399,23508,13854,53,19277,9554,28210,1331,16544,20128,12016,20540,27914,1743,12276,11205,-25491,19275,16264,7238,1636,-576,20574,7791,3879,21617,19949,1084,1050,425,5272,2096,11400,23829,12122,2239,17124,11414,1839,-190,21435,19257,17000,21941,9866,5402,9042,18742,15086,14026,5114,7110,74,10842,21725,1123,8513,13264,8454,15646,2499,10623,15591,12165,17676,16603,13685,142,2874,20905,20236,16823,9846,11692,10144,998,499,8249,1967,5717,2857,514,10970,27503,18190,15374,1007,3250,1614,688,346,1756,15030,13732,17044,7821,8750,7035,8815,5969,21504,4475,3934,28350,953,4833,6252,5146,21572,22570,-75,7135,15467,8329,10304,3852,1447,8768,3540,25812,11566,3011,15095,-7,3487,3998,16813,6758,16850,2584,4784,10577,385,21749,5849,16410,-1903,6779,6232,7806,23095,15389,272,22697,21469,4935,16203,517,19473
"AML",16866,21063,17996,22266,-154,21177,15235,21618,1827,15837,15004,20609,20758,23054,1970,19173,209,-28400,16074,12220,12339,1880,3028,15496,976,2113,24514,18099,375,2964,-189,11139,12715,20909,19338,14207,1064,13059,8140,2587,-180,23431,16767,15893,17661,10899,2212,5199,15076,16980,15939,3076,5820,6667,11572,20287,-24,10526,10601,7373,12086,7039,18228,14683,18075,14574,12922,5904,1127,1153,15191,19187,16831,9002,14497,10373,1721,1833,11045,5202,13917,1365,9130,17211,24716,10872,15081,8210,6749,4148,7108,17196,2406,13850,18539,18788,5778,11115,7969,10756,15125,20264,5387,4427,25093,116,141,10998,7380,18664,19255,-118,7657,17995,7668,14909,1869,4557,8030,8342,24513,9318,6517,17430,1578,8715,2793,14459,7874,14550,6414,5557,7245,1284,20722,3259,14178,-3197,6504,8089,7944,23371,16075,306,21604,20247,4651,17261,1387,11919
"AML",246,15803,19679,11386,4476,32946,11886,22037,12678,17511,15664,24906,20927,19527,3928,21498,8072,-27811,15952,13854,3654,6191,-329,23659,4108,870,18039,17099,4226,18773,4577,3959,21147,19907,18075,11468,2556,9895,11200,1145,-111,24536,14859,14392,16653,14090,1964,1255,14946,21470,17207,1616,11794,-260,13841,16638,1945,8252,9960,9068,13617,8728,16657,15917,20089,15518,11422,3416,3437,2020,19115,16571,21232,10418,17712,12292,6421,2395,6970,5619,5336,300,1252,12688,26725,9752,8790,8437,14471,1446,13176,16938,451,19490,18824,12311,13076,14308,13195,8805,2570,20138,2012,13140,22347,1877,2000,9246,13397,21921,19132,-39,2226,15791,8583,9112,-94,3790,6113,9328,22830,8145,4738,15683,10583,7913,2823,13040,6366,10044,3197,6500,7730,58,18258,8855,17788,-1257,3017,10126,7047,18835,15768,19,22130,20561,8878,16761,1002,17069
